"question_date","num_questions_with_en_response"
"2017-11-22","1446"
"2017-11-23","2742"
"2017-11-24","3475"
"2017-11-25","2147"
"2017-11-26","1563"
"2017-11-27","3218"
"2017-11-28","1950"
"2017-11-29","2493"
"2017-11-30","4589"
"2017-12-01","3174"
"2017-12-02","1914"
"2017-12-03","1696"
"2017-12-04","1535"
"2017-12-05","1493"
"2017-12-06","1563"
"2017-12-07","3833"
"2017-12-08","2779"
"2017-12-09","1483"
"2017-12-10","1537"
"2017-12-11","1900"
"2017-12-12","2858"
"2017-12-13","2312"
"2017-12-14","1579"
"2017-12-15","1925"
"2017-12-16","1295"
"2017-12-17","1177"
"2017-12-18","1774"
"2017-12-19","1505"
"2017-12-20","1864"
"2017-12-21","3993"
"2017-12-22","2817"
"2017-12-23","1357"
"2017-12-24","1079"
"2017-12-25","783"
"2017-12-26","1127"
"2017-12-27","1159"
"2017-12-28","1420"
"2017-12-29","1795"
"2017-12-30","1190"
"2017-12-31","1045"
"2018-01-01","1054"
"2018-01-02","1045"
"2018-01-03","1752"
"2018-01-04","1672"
"2018-01-05","2289"
"2018-01-06","1596"
"2018-01-07","1503"
"2018-01-08","5807"
"2018-01-09","2734"
"2018-01-10","1764"
"2018-01-11","1742"
"2018-01-12","3573"
"2018-01-13","2049"
"2018-01-14","1449"
"2018-01-15","1733"
"2018-01-16","1571"
"2018-01-17","5284"
"2018-01-18","3376"
"2018-01-19","2664"
"2018-01-20","1582"
"2018-01-21","1575"
"2018-01-22","1595"
"2018-01-23","1679"
"2018-01-24","5576"
"2018-01-25","3277"
"2018-01-26","2985"
"2018-01-27","1884"
"2018-01-28","1433"
"2018-01-29","1273"
"2018-01-30","1231"
"2018-01-31","2736"
"2018-02-01","6154"
"2018-02-02","2995"
"2018-02-03","1406"
"2018-02-04","1136"
"2018-02-05","1071"
"2018-02-06","1023"
"2018-02-07","3377"
"2018-02-08","1670"
"2018-02-09","1690"
"2018-02-10","1362"
"2018-02-11","1369"
"2018-02-12","2910"
"2018-02-13","2205"
"2018-02-14","2476"
"2018-02-15","3876"
"2018-02-16","3212"
"2018-02-17","1869"
"2018-02-18","1658"
"2018-02-19","3924"
"2018-02-20","2002"
"2018-02-21","2735"
"2018-02-22","2108"
"2018-02-23","3324"
"2018-02-24","1811"
"2018-02-25","1341"
"2018-02-26","1497"
"2018-02-27","1513"
"2018-02-28","5006"
"2018-03-01","3009"
"2018-03-02","2453"
"2018-03-03","1114"
"2018-03-04","839"
"2018-03-05","1107"
"2018-03-06","1341"
"2018-03-07","2379"
"2018-03-08","1142"
"2018-03-09","2121"
"2018-03-10","1843"
"2018-03-11","1411"
"2018-03-12","1347"
"2018-03-13","3307"
"2018-03-14","1639"
"2018-03-15","4626"
"2018-03-16","3259"
"2018-03-17","1799"
"2018-03-18","1644"
"2018-03-19","6984"
"2018-03-20","5915"
"2018-03-21","6975"
"2018-03-22","8527"
"2018-03-23","7472"
"2018-03-24","5955"
"2018-03-25","5157"
"2018-03-26","4388"
"2018-03-27","5285"
"2018-03-28","4398"
"2018-03-29","9215"
"2018-03-30","8110"
"2018-03-31","4819"
"2018-04-01","4027"
"2018-04-02","6403"
"2018-04-03","6259"
"2018-04-04","4787"
"2018-04-05","3860"
"2018-04-06","4668"
"2018-04-07","3183"
"2018-04-08","3168"
"2018-04-09","5843"
"2018-04-10","4728"
"2018-04-11","6951"
"2018-04-12","7622"
"2018-04-13","7718"
"2018-04-14","5680"
"2018-04-15","4212"
"2018-04-16","6468"
"2018-04-17","8212"
"2018-04-18","4991"
"2018-04-19","7455"
"2018-04-20","6299"
"2018-04-21","4498"
"2018-04-22","4562"
"2018-04-23","4746"
"2018-04-24","3528"
"2018-04-25","3153"
"2018-04-26","7630"
"2018-04-27","4783"
"2018-04-28","4241"
"2018-04-29","3282"
"2018-04-30","3250"
"2018-05-01","3311"
"2018-05-02","3795"
"2018-05-03","6839"
"2018-05-04","5782"
"2018-05-05","3459"
"2018-05-06","2735"
"2018-05-07","2711"
"2018-05-08","3899"
"2018-05-09","4322"
"2018-05-10","6148"
"2018-05-11","5502"
"2018-05-12","3639"
"2018-05-13","3184"
"2018-05-14","7992"
"2018-05-15","6040"
"2018-05-16","5789"
"2018-05-17","4948"
"2018-05-18","4164"
"2018-05-19","3535"
"2018-05-20","2934"
"2018-05-21","4781"
"2018-05-22","3537"
"2018-05-23","4689"
"2018-05-24","8453"
"2018-05-25","5359"
"2018-05-26","4557"
"2018-05-27","3143"
"2018-05-28","2520"
"2018-05-29","4435"
"2018-05-30","4485"
"2018-05-31","2905"
"2018-06-01","4517"
"2018-06-02","2594"
"2018-06-03","2064"
"2018-06-04","3865"
"2018-06-05","3821"
"2018-06-06","5871"
"2018-06-07","4999"
"2018-06-08","6112"
"2018-06-09","3421"
"2018-06-10","2524"
"2018-06-11","3164"
"2018-06-12","3857"
"2018-06-13","3931"
"2018-06-14","7209"
"2018-06-15","3571"
"2018-06-16","3193"
"2018-06-17","2407"
"2018-06-18","4803"
"2018-06-19","4876"
"2018-06-20","5286"
"2018-06-21","4097"
"2018-06-22","3788"
"2018-06-23","3329"
"2018-06-24","2817"
"2018-06-25","7964"
"2018-06-26","8666"
"2018-06-27","9929"
"2018-06-28","11041"
"2018-06-29","9788"
"2018-06-30","7610"
"2018-07-01","10282"
"2018-07-02","8819"
"2018-07-03","12079"
"2018-07-04","8613"
"2018-07-05","7653"
"2018-07-06","7116"
"2018-07-07","5299"
"2018-07-08","5379"
"2018-07-09","5810"
"2018-07-10","7108"
"2018-07-11","9004"
"2018-07-12","8474"
"2018-07-13","6812"
"2018-07-14","5683"
"2018-07-15","4458"
"2018-07-16","7583"
"2018-07-17","6794"
"2018-07-18","6608"
"2018-07-19","9067"
"2018-07-20","8495"
"2018-07-21","6064"
"2018-07-22","5191"
"2018-07-23","5536"
"2018-07-24","6211"
"2018-07-25","5457"
"2018-07-26","8354"
"2018-07-27","8225"
"2018-07-28","6179"
"2018-07-29","5608"
"2018-07-30","5811"
"2018-07-31","5867"
"2018-08-01","5395"
"2018-08-02","12733"
"2018-08-03","10604"
"2018-08-04","8955"
"2018-08-05","6200"
"2018-08-06","21945"
"2018-08-07","16110"
"2018-08-08","29549"
"2018-08-09","23927"
"2018-08-10","20580"
"2018-08-11","15858"
"2018-08-12","13630"
"2018-08-13","20218"
"2018-08-14","21635"
"2018-08-15","28563"
"2018-08-16","25795"
"2018-08-17","22891"
"2018-08-18","16378"
"2018-08-19","16058"
"2018-08-20","30493"
"2018-08-21","26292"
"2018-08-22","30131"
"2018-08-23","31092"
"2018-08-24","50660"
"2018-08-25","42319"
"2018-08-26","31026"
"2018-08-27","23844"
"2018-08-28","22711"
"2018-08-29","29479"
"2018-08-30","29070"
"2018-08-31","20868"
"2018-09-01","15780"
"2018-09-02","12291"
"2018-09-03","11485"
"2018-09-04","13079"
"2018-09-05","12434"
"2018-09-06","15793"
"2018-09-07","17649"
"2018-09-08","13254"
"2018-09-09","10795"
"2018-09-10","17526"
"2018-09-11","41095"
"2018-09-12","49348"
"2018-09-13","39133"
"2018-09-14","34549"
"2018-09-15","24146"
"2018-09-16","20870"
"2018-09-17","30882"
"2018-09-18","28505"
"2018-09-19","36201"
"2018-09-20","28706"
"2018-09-21","35099"
"2018-09-22","24668"
"2018-09-23","20161"
"2018-09-24","34034"
"2018-09-25","25388"
"2018-09-26","30578"
"2018-09-27","30326"
"2018-09-28","21438"
"2018-09-29","15294"
"2018-09-30","12979"
"2018-10-01","26750"
"2018-10-02","29266"
"2018-10-03","28436"
"2018-10-04","24088"
"2018-10-05","16818"
"2018-10-06","14265"
"2018-10-07","12987"
"2018-10-08","13126"
"2018-10-09","13837"
"2018-10-10","14017"
"2018-10-11","12457"
"2018-10-12","11805"
"2018-10-13","8792"
"2018-10-14","8174"
"2018-10-15","8929"
"2018-10-16","13864"
"2018-10-17","47403"
"2018-10-18","53220"
"2018-10-19","30380"
"2018-10-20","18000"
"2018-10-21","15279"
"2018-10-22","24981"
"2018-10-23","32255"
"2018-10-24","22351"
"2018-10-25","28778"
"2018-10-26","31202"
"2018-10-27","19444"
"2018-10-28","15846"
"2018-10-29","30211"
"2018-10-30","30405"
"2018-10-31","32435"
"2018-11-01","28508"
"2018-11-02","47178"
"2018-11-03","32945"
"2018-11-04","22564"
"2018-11-05","28327"
"2018-11-06","47201"
"2018-11-07","30713"
"2018-11-08","39090"
"2018-11-09","26470"
"2018-11-10","20725"
"2018-11-11","16322"
"2018-11-12","34241"
"2018-11-13","28328"
"2018-11-14","30742"
"2018-11-15","30072"
"2018-11-16","52684"
"2018-11-17","29202"
"2018-11-18","21596"
"2018-11-19","24233"
"2018-11-20","24968"
"2018-11-21","57587"
"2018-11-22","45898"
"2018-11-23","39528"
"2018-11-24","28542"
"2018-11-25","22406"
"2018-11-26","48896"
"2018-11-27","55262"
"2018-11-28","51083"
"2018-11-29","46548"
"2018-11-30","36525"
"2018-12-01","67024"
"2018-12-02","51246"
"2018-12-03","48753"
"2018-12-04","73595"
"2018-12-05","45294"
"2018-12-06","53159"
"2018-12-07","39717"
"2018-12-08","25356"
"2018-12-09","22984"
"2018-12-10","50492"
"2018-12-11","44605"
"2018-12-12","35001"
"2018-12-13","30781"
"2018-12-14","48772"
"2018-12-15","50483"
"2018-12-16","34466"
"2018-12-17","33968"
"2018-12-18","24491"
"2018-12-19","19618"
"2018-12-20","16589"
"2018-12-21","11153"
"2018-12-22","6703"
"2018-12-23","6632"
"2018-12-24","4880"
"2018-12-25","4338"
"2018-12-26","4669"
"2018-12-27","5223"
"2018-12-28","6159"
"2018-12-29","4747"
"2018-12-30","4940"
"2018-12-31","4178"
"2019-01-01","3512"
"2019-01-02","4440"
"2019-01-03","3723"
"2019-01-04","4580"
"2019-01-05","4175"
"2019-01-06","3902"
"2019-01-07","4632"
"2019-01-08","4723"
"2019-01-09","7385"
"2019-01-10","7470"
"2019-01-11","5868"
"2019-01-12","5214"
"2019-01-13","4461"
"2019-01-14","4264"
"2019-01-15","4310"
"2019-01-16","4675"
"2019-01-17","5566"
"2019-01-18","5602"
"2019-01-19","4183"
"2019-01-20","4029"
"2019-01-21","3959"
"2019-01-22","6530"
"2019-01-23","12771"
"2019-01-24","12393"
"2019-01-25","9233"
"2019-01-26","8063"
"2019-01-27","7707"
"2019-01-28","10194"
"2019-01-29","33381"
"2019-01-30","35338"
"2019-01-31","39956"
"2019-02-01","12424"
"2019-02-02","8374"
"2019-02-03","6975"
"2019-02-04","5753"
"2019-02-05","25319"
"2019-02-06","30787"
"2019-02-07","11155"
"2019-02-08","8884"
"2019-02-09","6681"
"2019-02-10","6142"
"2019-02-11","5247"
"2019-02-12","4848"
"2019-02-13","5037"
"2019-02-14","7554"
"2019-02-15","7121"
"2019-02-16","5756"
"2019-02-17","4220"
"2019-02-18","4587"
"2019-02-19","4683"
"2019-02-20","8785"
"2019-02-21","21562"
"2019-02-22","13030"
"2019-02-23","6486"
"2019-02-24","3973"
"2019-02-25","4150"
"2019-02-26","8418"
"2019-02-27","14278"
"2019-02-28","9230"
"2019-03-01","9488"
"2019-03-02","6138"
"2019-03-03","5804"
"2019-03-04","21828"
"2019-03-05","16532"
"2019-03-06","13918"
"2019-03-07","9160"
"2019-03-08","6459"
"2019-03-09","5638"
"2019-03-10","4594"
"2019-03-11","4550"
"2019-03-12","6721"
"2019-03-13","8559"
"2019-03-14","5908"
"2019-03-15","4310"
"2019-03-16","3797"
"2019-03-17","3474"
"2019-03-18","4479"
"2019-03-19","24174"
"2019-03-20","12892"
"2019-03-21","9610"
"2019-03-22","6630"
"2019-03-23","5167"
"2019-03-24","4635"
"2019-03-25","5911"
"2019-03-26","11541"
"2019-03-27","9065"
"2019-03-28","6023"
"2019-03-29","9412"
"2019-03-30","13478"
"2019-03-31","8455"
"2019-04-01","28589"
"2019-04-02","20539"
"2019-04-03","41371"
"2019-04-04","24723"
"2019-04-05","14560"
"2019-04-06","10988"
"2019-04-07","8607"
"2019-04-08","7114"
"2019-04-09","9064"
"2019-04-10","7288"
"2019-04-11","6688"
"2019-04-12","5765"
"2019-04-13","3884"
"2019-04-14","4152"
"2019-04-15","4036"
"2019-04-16","3959"
"2019-04-17","4016"
"2019-04-18","3590"
"2019-04-19","3556"
"2019-04-20","3454"
"2019-04-21","3094"
"2019-04-22","3862"
"2019-04-23","3027"
"2019-04-24","3755"
"2019-04-25","6528"
"2019-04-26","10637"
"2019-04-27","8082"
"2019-04-28","6864"
"2019-04-29","8125"
"2019-04-30","52825"
"2019-05-01","56423"
"2019-05-02","25695"
"2019-05-03","55538"
"2019-05-04","27758"
"2019-05-05","13423"
"2019-05-06","18928"
"2019-05-07","14317"
"2019-05-08","16684"
"2019-05-09","14043"
"2019-05-10","11211"
"2019-05-11","8340"
"2019-05-12","6305"
"2019-05-13","5969"
"2019-05-14","5910"
"2019-05-15","5640"
"2019-05-16","6863"
"2019-05-17","6144"
"2019-05-18","5325"
"2019-05-19","4551"
"2019-05-20","4007"
"2019-05-21","5469"
"2019-05-22","7891"
"2019-05-23","7880"
"2019-05-24","9989"
"2019-05-25","9774"
"2019-05-26","7656"
"2019-05-27","28811"
"2019-05-28","16580"
"2019-05-29","17988"
"2019-05-30","29610"
"2019-05-31","19724"
"2019-06-01","9612"
"2019-06-02","7321"
"2019-06-03","7270"
"2019-06-04","5236"
"2019-06-05","4242"
"2019-06-06","3702"
"2019-06-07","3366"
"2019-06-08","3159"
"2019-06-09","3235"
"2019-06-10","2923"
"2019-06-11","3570"
"2019-06-12","5082"
"2019-06-13","4154"
"2019-06-14","4889"
"2019-06-15","3714"
"2019-06-16","3381"
"2019-06-17","2764"
"2019-06-18","2789"
"2019-06-19","3672"
"2019-06-20","9144"
"2019-06-21","11868"
"2019-06-22","8071"
"2019-06-23","5893"
"2019-06-24","37424"
"2019-06-25","22312"
"2019-06-26","26208"
"2019-06-27","37768"
"2019-06-28","22977"
"2019-06-29","10902"
"2019-06-30","7248"
"2019-07-01","5374"
"2019-07-02","4860"
"2019-07-03","4710"
"2019-07-04","4645"
"2019-07-05","3365"
"2019-07-06","3090"
"2019-07-07","2829"
"2019-07-08","2559"
"2019-07-09","5904"
"2019-07-10","5021"
"2019-07-11","4815"
"2019-07-12","4995"
"2019-07-13","4723"
"2019-07-14","3052"
"2019-07-15","3803"
"2019-07-16","4481"
"2019-07-17","3904"
"2019-07-18","11952"
"2019-07-19","6844"
"2019-07-20","4395"
"2019-07-21","3992"
"2019-07-22","3852"
"2019-07-23","9332"
"2019-07-24","18114"
"2019-07-25","14685"
"2019-07-26","11128"
"2019-07-27","13669"
"2019-07-28","12716"
"2019-07-29","8608"
"2019-07-30","8069"
"2019-07-31","7134"
"2019-08-01","6414"
"2019-08-02","6034"
"2019-08-03","5077"
"2019-08-04","5028"
"2019-08-05","4588"
"2019-08-06","7533"
"2019-08-07","6630"
"2019-08-08","6639"
"2019-08-09","5341"
"2019-08-10","3982"
"2019-08-11","3240"
"2019-08-12","8830"
"2019-08-13","32488"
"2019-08-14","17957"
"2019-08-15","18358"
"2019-08-16","14698"
"2019-08-17","9820"
"2019-08-18","8910"
"2019-08-19","7889"
"2019-08-20","6577"
"2019-08-21","5715"
"2019-08-22","6627"
"2019-08-23","3885"
"2019-08-24","3076"
"2019-08-25","3251"
"2019-08-26","2595"
"2019-08-27","16794"
"2019-08-28","53424"
"2019-08-29","37172"
"2019-08-30","29464"
"2019-08-31","21787"
"2019-09-01","13348"
"2019-09-02","12597"
"2019-09-03","10608"
"2019-09-04","8508"
"2019-09-05","7110"
"2019-09-06","6008"
"2019-09-07","5713"
"2019-09-08","4713"
"2019-09-09","4639"
"2019-09-10","4981"
"2019-09-11","5496"
"2019-09-12","9156"
"2019-09-13","5975"
"2019-09-14","4405"
"2019-09-15","4685"
"2019-09-16","4350"
"2019-09-17","3657"
"2019-09-18","3573"
"2019-09-19","4995"
"2019-09-20","5155"
"2019-09-21","4216"
"2019-09-22","3691"
"2019-09-23","2922"
"2019-09-24","3175"
"2019-09-25","4176"
"2019-09-26","15447"
"2019-09-27","43545"
"2019-09-28","23925"
"2019-09-29","22732"
"2019-09-30","14808"
"2019-10-01","9923"
"2019-10-02","9242"
"2019-10-03","8017"
"2019-10-04","6322"
"2019-10-05","3606"
"2019-10-06","3621"
"2019-10-07","3037"
"2019-10-08","3163"
"2019-10-09","3289"
"2019-10-10","6295"
"2019-10-11","4396"
"2019-10-12","4087"
"2019-10-13","3589"
"2019-10-14","3039"
"2019-10-15","3022"
"2019-10-16","3081"
"2019-10-17","5787"
"2019-10-18","4526"
"2019-10-19","3663"
"2019-10-20","3439"
"2019-10-21","3355"
"2019-10-22","4152"
"2019-10-23","4063"
"2019-10-24","8495"
"2019-10-25","17737"
"2019-10-26","13862"
"2019-10-27","10758"
"2019-10-28","6704"
"2019-10-29","7217"
"2019-10-30","5047"
"2019-10-31","5189"
"2019-11-01","4256"
"2019-11-02","3122"
"2019-11-03","2840"
"2019-11-04","4203"
"2019-11-05","2725"
"2019-11-06","3026"
"2019-11-07","4899"
"2019-11-08","5165"
"2019-11-09","3671"
"2019-11-10","2908"
"2019-11-11","2263"
"2019-11-12","2908"
"2019-11-13","2303"
"2019-11-14","2829"
"2019-11-15","3277"
"2019-11-16","2696"
"2019-11-17","2507"
"2019-11-18","2535"
"2019-11-19","3590"
"2019-11-20","4454"
"2019-11-21","6675"
"2019-11-22","17135"
"2019-11-23","7992"
"2019-11-24","9334"
"2019-11-25","7183"
"2019-11-26","6593"
"2019-11-27","4936"
"2019-11-28","5102"
"2019-11-29","4366"
"2019-11-30","3928"
"2019-12-01","3380"
"2019-12-02","3545"
"2019-12-03","4641"
"2019-12-04","12914"
"2019-12-05","16114"
"2019-12-06","9866"
"2019-12-07","7013"
"2019-12-08","5413"
"2019-12-09","6395"
"2019-12-10","6422"
"2019-12-11","5516"
"2019-12-12","5194"
"2019-12-13","5286"
"2019-12-14","5330"
"2019-12-15","5106"
"2019-12-16","4477"
"2019-12-17","5455"
"2019-12-18","5132"
"2019-12-19","6672"
"2019-12-20","5215"
"2019-12-21","4045"
"2019-12-22","3778"
"2019-12-23","3835"
"2019-12-24","3256"
"2019-12-25","2511"
"2019-12-26","3340"
"2019-12-27","3735"
"2019-12-28","3467"
"2019-12-29","4524"
"2019-12-30","3670"
"2019-12-31","3094"
"2020-01-01","2398"
"2020-01-02","4346"
"2020-01-03","3973"
"2020-01-04","3483"
"2020-01-05","4027"
"2020-01-06","2677"
"2020-01-07","2686"
"2020-01-08","2914"
"2020-01-09","3942"
"2020-01-10","4270"
"2020-01-11","3619"
"2020-01-12","4143"
"2020-01-13","3095"
"2020-01-14","3108"
"2020-01-15","3555"
"2020-01-16","4972"
"2020-01-17","3754"
"2020-01-18","2977"
"2020-01-19","3170"
"2020-01-20","2991"
"2020-01-21","3174"
"2020-01-22","3633"
"2020-01-23","3822"
"2020-01-24","3150"
"2020-01-25","3199"
"2020-01-26","2606"
"2020-01-27","3278"
"2020-01-28","4123"
"2020-01-29","3522"
"2020-01-30","4585"
"2020-01-31","4061"
"2020-02-01","2871"
"2020-02-02","2856"
"2020-02-03","2390"
"2020-02-04","3909"
"2020-02-05","2532"
"2020-02-06","3384"
"2020-02-07","2889"
"2020-02-08","2373"
"2020-02-09","2372"
"2020-02-10","4093"
"2020-02-11","3983"
"2020-02-12","3625"
"2020-02-13","4122"
"2020-02-14","3095"
"2020-02-15","2968"
"2020-02-16","3846"
"2020-02-17","3471"
"2020-02-18","5107"
"2020-02-19","4291"
"2020-02-20","3849"
"2020-02-21","5079"
"2020-02-22","7318"
"2020-02-23","7735"
"2020-02-24","9375"
"2020-02-25","9830"
"2020-02-26","10565"
"2020-02-27","8267"
"2020-02-28","9062"
"2020-02-29","8175"
"2020-03-01","8768"
"2020-03-02","11793"
"2020-03-03","10335"
"2020-03-04","8527"
"2020-03-05","7236"
"2020-03-06","6087"
"2020-03-07","5745"
"2020-03-08","5710"
"2020-03-09","5857"
"2020-03-10","7332"
"2020-03-11","6658"
"2020-03-12","6377"
"2020-03-13","5812"
"2020-03-14","4433"
"2020-03-15","4352"
"2020-03-16","4381"
"2020-03-17","6746"
"2020-03-18","4643"
"2020-03-19","4986"
"2020-03-20","6165"
"2020-03-21","5872"
"2020-03-22","5725"
"2020-03-23","5083"
"2020-03-24","6261"
"2020-03-25","6220"
"2020-03-26","10428"
"2020-03-27","13466"
"2020-03-28","10554"
"2020-03-29","10448"
"2020-03-30","9019"
"2020-03-31","8239"
"2020-04-01","26228"
"2020-04-02","22937"
"2020-04-03","17479"
"2020-04-04","15595"
"2020-04-05","14521"
"2020-04-06","11697"
"2020-04-07","10136"
"2020-04-08","9036"
"2020-04-09","11696"
"2020-04-10","13012"
"2020-04-11","12941"
"2020-04-12","10623"
"2020-04-13","11293"
"2020-04-14","11521"
"2020-04-15","11408"
"2020-04-16","13976"
"2020-04-17","14606"
"2020-04-18","13918"
"2020-04-19","12071"
"2020-04-20","12948"
"2020-04-21","11489"
"2020-04-22","12428"
"2020-04-23","12997"
"2020-04-24","13731"
"2020-04-25","12484"
"2020-04-26","12317"
"2020-04-27","11790"
"2020-04-28","18784"
"2020-04-29","15676"
"2020-04-30","11663"
"2020-05-01","10732"
"2020-05-02","11194"
"2020-05-03","9634"
"2020-05-04","7866"
"2020-05-05","8649"
"2020-05-06","8734"
"2020-05-07","8289"
"2020-05-08","8088"
"2020-05-09","7798"
"2020-05-10","7880"
"2020-05-11","6726"
"2020-05-12","6542"
"2020-05-13","6398"
"2020-05-14","8712"
"2020-05-15","6505"
"2020-05-16","7401"
"2020-05-17","7953"
"2020-05-18","6794"
"2020-05-19","5699"
"2020-05-20","7045"
"2020-05-21","7441"
"2020-05-22","6659"
"2020-05-23","5321"
"2020-05-24","6741"
"2020-05-25","6721"
"2020-05-26","7727"
"2020-05-27","6243"
"2020-05-28","6588"
"2020-05-29","6042"
"2020-05-30","7653"
"2020-05-31","5593"
"2020-06-01","4827"
"2020-06-02","4947"
"2020-06-03","5453"
"2020-06-04","6018"
"2020-06-05","3543"
"2020-06-06","2758"
"2020-06-07","4143"
"2020-06-08","5166"
"2020-06-09","6012"
"2020-06-10","6695"
"2020-06-11","6436"
"2020-06-12","5547"
"2020-06-13","6207"
"2020-06-14","6288"
"2020-06-15","6346"
"2020-06-16","6373"
"2020-06-17","5598"
"2020-06-18","5907"
"2020-06-19","7428"
"2020-06-20","7812"
"2020-06-21","8968"
"2020-06-22","8448"
"2020-06-23","10813"
"2020-06-24","9724"
"2020-06-25","9927"
"2020-06-26","9069"
"2020-06-27","8768"
"2020-06-28","8128"
"2020-06-29","8715"
"2020-06-30","5199"
"2020-07-01","8609"
"2020-07-02","9984"
"2020-07-03","9384"
"2020-07-04","7262"
"2020-07-05","7854"
"2020-07-06","7999"
"2020-07-07","7861"
"2020-07-08","7801"
"2020-07-09","6924"
"2020-07-10","7740"
"2020-07-11","7217"
"2020-07-12","7970"
"2020-07-13","7667"
"2020-07-14","9481"
"2020-07-15","8393"
"2020-07-16","10696"
"2020-07-17","11160"
"2020-07-18","5787"
"2020-07-19","8339"
"2020-07-20","7908"
"2020-07-21","9589"
"2020-07-22","7026"
"2020-07-23","10523"
"2020-07-24","9489"
"2020-07-25","7946"
"2020-07-26","7128"
"2020-07-27","6994"
"2020-07-28","7243"
"2020-07-29","7016"
"2020-07-30","8431"
"2020-07-31","8535"
"2020-08-01","6302"
"2020-08-02","7752"
"2020-08-03","6955"
"2020-08-04","6109"
"2020-08-05","6904"
"2020-08-06","7481"
"2020-08-07","6341"
"2020-08-08","5767"
"2020-08-09","5447"
"2020-08-10","5172"
"2020-08-11","6368"
"2020-08-12","6488"
"2020-08-13","9663"
"2020-08-14","7203"
"2020-08-15","5855"
"2020-08-16","5063"
"2020-08-17","4806"
"2020-08-18","5039"
"2020-08-19","4034"
"2020-08-20","11955"
"2020-08-21","7008"
"2020-08-22","7295"
"2020-08-23","6190"
"2020-08-24","6372"
"2020-08-25","7128"
"2020-08-26","7856"
"2020-08-27","10461"
"2020-08-28","8561"
"2020-08-29","8482"
"2020-08-30","6811"
"2020-08-31","8002"
"2020-09-01","6297"
"2020-09-02","6345"
"2020-09-03","6204"
"2020-09-04","4032"
"2020-09-05","4323"
"2020-09-06","5682"
"2020-09-07","5247"
"2020-09-08","5784"
"2020-09-09","6162"
"2020-09-10","6959"
"2020-09-11","5380"
"2020-09-12","5479"
"2020-09-13","5320"
"2020-09-14","5204"
"2020-09-15","5742"
"2020-09-16","5302"
"2020-09-17","9659"
"2020-09-18","6394"
"2020-09-19","5698"
"2020-09-20","6093"
"2020-09-21","7558"
"2020-09-22","6002"
"2020-09-23","7610"
"2020-09-24","13298"
"2020-09-25","11148"
"2020-09-26","8277"
"2020-09-27","7895"
"2020-09-28","8520"
"2020-09-29","23213"
"2020-09-30","10591"
"2020-10-01","12011"
"2020-10-02","8229"
"2020-10-03","6885"
"2020-10-04","5269"
"2020-10-05","5526"
"2020-10-06","6244"
"2020-10-07","7489"
"2020-10-08","9934"
"2020-10-09","7613"
"2020-10-10","6897"
"2020-10-11","7600"
"2020-10-12","8014"
"2020-10-13","5381"
"2020-10-14","5622"
"2020-10-15","4839"
"2020-10-16","5467"
"2020-10-17","5578"
"2020-10-18","6169"
"2020-10-19","6497"
"2020-10-20","5543"
"2020-10-21","4878"
"2020-10-22","6438"
"2020-10-23","6866"
"2020-10-24","7883"
"2020-10-25","11248"
"2020-10-26","11392"
"2020-10-27","12424"
"2020-10-28","10139"
"2020-10-29","12397"
"2020-10-30","10845"
"2020-10-31","7480"
"2020-11-01","8274"
"2020-11-02","7885"
"2020-11-03","7384"
"2020-11-04","8089"
"2020-11-05","9261"
"2020-11-06","11820"
"2020-11-07","7719"
"2020-11-08","7328"
"2020-11-09","7856"
"2020-11-10","9699"
"2020-11-11","10380"
"2020-11-12","8021"
"2020-11-13","8019"
"2020-11-14","7238"
"2020-11-15","6561"
"2020-11-16","5341"
"2020-11-17","7733"
"2020-11-18","9374"
"2020-11-19","7654"
"2020-11-20","6784"
"2020-11-21","6176"
"2020-11-22","5914"
"2020-11-23","5723"
"2020-11-24","8078"
"2020-11-25","7160"
"2020-11-26","11823"
"2020-11-27","9925"
"2020-11-28","8096"
"2020-11-29","6221"
"2020-11-30","3371"
"2020-12-01","5877"
"2020-12-02","5767"
"2020-12-03","6622"
"2020-12-04","6566"
"2020-12-05","4277"
"2020-12-06","4728"
"2020-12-07","4204"
"2020-12-08","5679"
"2020-12-09","4865"
"2020-12-10","5958"
"2020-12-11","5027"
"2020-12-12","3798"
"2020-12-13","4198"
"2020-12-14","4166"
"2020-12-15","4086"
"2020-12-16","6478"
"2020-12-17","6421"
"2020-12-18","6849"
"2020-12-19","4263"
"2020-12-20","3961"
"2020-12-21","3564"
"2020-12-22","4301"
"2020-12-23","3391"
"2020-12-24","3882"
"2020-12-25","2320"
"2020-12-26","3057"
"2020-12-27","4033"
"2020-12-28","3560"
"2020-12-29","4806"
"2020-12-30","2774"
"2020-12-31","2222"
"2021-01-01","2075"
"2021-01-02","3065"
"2021-01-03","3883"
"2021-01-04","3681"
"2021-01-05","4367"
"2021-01-06","3990"
"2021-01-07","4720"
"2021-01-08","2884"
"2021-01-09","2664"
"2021-01-10","2473"
"2021-01-11","2228"
"2021-01-12","2343"
"2021-01-13","2398"
"2021-01-14","3305"
"2021-01-15","2837"
"2021-01-16","2317"
"2021-01-17","2300"
"2021-01-18","1869"
"2021-01-19","4663"
"2021-01-20","5350"
"2021-01-21","6460"
"2021-01-22","5147"
"2021-01-23","4658"
"2021-01-24","4824"
"2021-01-25","4310"
"2021-01-26","4237"
"2021-01-27","4625"
"2021-01-28","15291"
"2021-01-29","8784"
"2021-01-30","5645"
"2021-01-31","5351"
"2021-02-01","4540"
"2021-02-02","4069"
"2021-02-03","3117"
"2021-02-04","5561"
"2021-02-05","4632"
"2021-02-06","3923"
"2021-02-07","3811"
"2021-02-08","4004"
"2021-02-09","4470"
"2021-02-10","3654"
"2021-02-11","4846"
"2021-02-12","4152"
"2021-02-13","3726"
"2021-02-14","3614"
"2021-02-15","3454"
"2021-02-16","4627"
"2021-02-17","4587"
"2021-02-18","4464"
"2021-02-19","4285"
"2021-02-20","3967"
"2021-02-21","4114"
"2021-02-22","4731"
"2021-02-23","5705"
"2021-02-24","4983"
"2021-02-25","4761"
"2021-02-26","4319"
"2021-02-27","4501"
"2021-02-28","4192"
"2021-03-01","3520"
"2021-03-02","3697"
"2021-03-03","2909"
"2021-03-04","3297"
"2021-03-05","3496"
"2021-03-06","3053"
"2021-03-07","3456"
"2021-03-08","3358"
"2021-03-09","3213"
"2021-03-10","2421"
"2021-03-11","2193"
"2021-03-12","4062"
"2021-03-13","3379"
"2021-03-14","3118"
"2021-03-15","3734"
"2021-03-16","3495"
"2021-03-17","6159"
"2021-03-18","4328"
"2021-03-19","3360"
"2021-03-20","3296"
"2021-03-21","4010"
"2021-03-22","4335"
"2021-03-23","3840"
"2021-03-24","3788"
"2021-03-25","5300"
"2021-03-26","2502"
"2021-03-27","1803"
"2021-03-28","2347"
"2021-03-29","2165"
"2021-03-30","4321"
"2021-03-31","3509"
"2021-04-01","2561"
"2021-04-02","2389"
"2021-04-03","1959"
"2021-04-04","2105"
"2021-04-05","2799"
"2021-04-06","3225"
"2021-04-07","4934"
"2021-04-08","4588"
"2021-04-09","2932"
"2021-04-10","2056"
"2021-04-11","1995"
"2021-04-12","2554"
"2021-04-13","2794"
"2021-04-14","2394"
"2021-04-15","5264"
"2021-04-16","3605"
"2021-04-17","2862"
"2021-04-18","2485"
"2021-04-19","2796"
"2021-04-20","3391"
"2021-04-21","3067"
"2021-04-22","8841"
"2021-04-23","8936"
"2021-04-24","5390"
"2021-04-25","4561"
"2021-04-26","3597"
"2021-04-27","3287"
"2021-04-28","3144"
"2021-04-29","1027"